{
	"version": 1,
	"changelists": [
		{
			"guid": "00000000000000000000000000000000",
			"description": "Default Uncontrolled Changelist",
			"files": [
				"C:/Users/f018316o/Desktop/Mechanics_01/Content/StudentWork/BP_Lava.uasset",
				"C:/Users/f018316o/Desktop/Mechanics_01/Content/Blueprints/BP_PlayerCharacter.uasset",
				"C:/Users/f018316o/Desktop/Mechanics_01/Content/StartMap.umap",
				"C:/Users/f018316o/Desktop/Mechanics_01/Content/StudentWork/EnemyProjectile.uasset",
				"C:/Users/f018316o/Desktop/Mechanics_01/Content/StudentWork/BP_EnemyProjectile.uasset",
				"C:/Users/f018316o/Desktop/Mechanics_01/Content/StudentWork/BP_BasicTurret.uasset",
				"C:/Users/f018316o/Desktop/Mechanics_01/Content/StudentWork/BP_EnemyTurret.uasset"
			]
		}
	]
}